<?xml version="1.0" encoding="UTF-8"?><csm_root><csm_info><nome_normativa>BNZ</nome_normativa><tipo>scheda di catalogo</tipo><ver_numero>3.01</ver_numero><data_crea>12042021</data_crea><ente_schedatore>UNIMORE</ente_schedatore><concessione></concessione><spedizione></spedizione><note></note><numero_schede>00000001</numero_schede></csm_info><schede><scheda><CD><TSK>BNZ</TSK><LIR>I</LIR><NCT><NCTR>08</NCTR><NCTN>00591508</NCTN></NCT><ESC>UNIMORE</ESC><ECP>S28</ECP></CD><OG><OGT><OGTD>gatto selvatico sardo</OGTD><OGTV>esemplare</OGTV></OGT></OG><SZ><SZS><SZSP>Chordata</SZSP><SZSB>Mammalia</SZSB><SZSO>Carnivora</SZSO><SZSF>Felidae</SZSF><SZSR>Felis</SZSR><SZSS>Felis lybica</SZSS><SZSD>Linneo, 1758</SZSD><SZSX>Felis lybica sarda</SZSX><SZSE>Lataste, 1885</SZSE></SZS></SZ><LR><LRV><LRVT>località di raccolta - dati aggiornati</LRVT><LRVZ>paleartica</LRVZ><LRVK>Europa</LRVK><LRVS>Italia</LRVS><LRVR>Sardegna</LRVR></LRV></LR><LC><PVC><PVCS>ITALIA</PVCS><PVCR>Emilia-Romagna</PVCR><PVCP>MO</PVCP><PVCC>Modena</PVCC></PVC><LDC><LDCT>palazzo</LDCT><LDCQ>statale</LDCQ><LDCN>Palazzo del Rettorato</LDCN><LDCU>Via Università, 4</LDCU><LDCM>Museo di Zoologia e Anatomia Comparata</LDCM><LDCS>piano terzo, Sala Ercolani, vetrina 43-44, ripiano 2</LDCS></LDC></LC><UB><INV><INVD>non reperibile</INVD><INVN>2953</INVN></INV><COL><COLC>Doria</COLC></COL></UB><MT><MTC>NR (recupero pregresso)</MTC><MIS><MISU>UNR</MISU><MISR>MNR</MISR></MIS></MT><DA><DES><DESO>Esemplare di gatto selvatico sardo su piedistallo in legno bianco</DESO></DES></DA><CO><STC><STCP>esemplare intero</STCP><STCT>secco</STCT><STCE>Tassidermia</STCE><STCC>mediocre</STCC></STC></CO><TU><CDG><CDGG>proprietà Ente pubblico non territoriale</CDGG></CDG></TU><DO><FTA><FTAX>documentazione allegata</FTAX><FTAP>fotografia digitale (file)</FTAP><FTAN>UMOMZ00133</FTAN></FTA><BSE><BSEX>bibliografia di confronto</BSEX><BSES>risorsa elettronica con accesso remoto</BSES><BSEI>https://it.wikipedia.org/wiki/Felis_lybica_sarda</BSEI></BSE></DO><AD><ADS><ADSP>1</ADSP><ADSM>scheda contenente dati liberamente accessibili</ADSM></ADS></AD><CM><CMP><CMPD>2014</CMPD><CMPN>Costi, Lorenzo</CMPN><CMPN>Mantovani, Alessandra</CMPN><CMPN>Ebner, Viviana</CMPN></CMP><FUR>Corradini, Elena</FUR></CM><AN><OSS>N.Scheda provv.Museo M-6/91 Catalogo/Collezione 23</OSS></AN></scheda></schede></csm_root>