<?xml version="1.0" encoding="UTF-8"?><csm_root><csm_info><nome_normativa>BNZ</nome_normativa><tipo>scheda di catalogo</tipo><ver_numero>3.01</ver_numero><data_crea>12042021</data_crea><ente_schedatore>UNIMORE</ente_schedatore><concessione></concessione><spedizione></spedizione><note></note><numero_schede>00000001</numero_schede></csm_info><schede><scheda><CD><TSK>BNZ</TSK><LIR>I</LIR><NCT><NCTR>08</NCTR><NCTN>00591400</NCTN></NCT><ESC>UNIMORE</ESC><ECP>S28</ECP></CD><OG><OGT><OGTD>rinoceronte</OGTD><OGTV>esemplare</OGTV></OGT></OG><SZ><SZS><SZSP>Chordata</SZSP><SZSB>Mammalia</SZSB><SZSO>Perissodactyla</SZSO><SZSF>Rhinocerontidae</SZSF><SZSR>Diceros</SZSR><SZSS>Diceros bicornis</SZSS><SZSN>Rhinoceros bicornis</SZSN></SZS></SZ><LR><LRV><LRVT>località di raccolta - dati aggiornati</LRVT><LRVZ>etiopica</LRVZ><LRVK>Africa</LRVK><LRVS>Somalia</LRVS></LRV></LR><LC><PVC><PVCS>ITALIA</PVCS><PVCR>Emilia-Romagna</PVCR><PVCP>MO</PVCP><PVCC>Modena</PVCC></PVC><LDC><LDCT>palazzo</LDCT><LDCQ>statale</LDCQ><LDCN>Palazzo del Rettorato</LDCN><LDCU>Via Università, 4</LDCU><LDCM>Museo di Zoologia e Anatomia Comparata</LDCM><LDCS>piano terzo, Sala Spallanzani, a lato delle vetrine centrali</LDCS></LDC></LC><UB><COL><COLC>Corni, Guido</COLC><COLA>1933</COLA></COL></UB><MT><MTC>NR (recupero pregresso)</MTC><MIS><MISU>UNR</MISU></MIS></MT><DA><DES><DESO>Un esemplare intero femmina di rinoceronte nero su un supporto di legno bianco</DESO></DES></DA><CO><STC><STCP>esemplare intero</STCP><STCT>secco</STCT><STCC>mediocre</STCC><STCS>Tssidermia</STCS></STC></CO><TU><CDG><CDGG>proprietà Ente pubblico non territoriale</CDGG></CDG></TU><DO><FTA><FTAX>documentazione allegata</FTAX><FTAP>fotografia digitale (file)</FTAP><FTAN>UMOMZ00024</FTAN></FTA><BSE><BSEX>bibliografia di confronto</BSEX><BSES>risorsa elettronica con accesso remoto</BSES><BSEI>http://www.iucnredlist.org/details/6557/0</BSEI></BSE></DO><AD><ADS><ADSP>1</ADSP><ADSM>scheda contenente dati liberamente accessibili</ADSM></ADS></AD><CM><CMP><CMPD>2014</CMPD><CMPN>Costi, Lorenzo</CMPN><CMPN>Mantovani, Alessandra</CMPN></CMP><FUR>Corradini, Elena</FUR></CM><AN><OSS>Il numero d'inventario è 5069 Il N.Scheda provv.Museo M-190/91</OSS></AN></scheda></schede></csm_root>