<?xml version="1.0" encoding="UTF-8"?><csm_root><csm_info><nome_normativa>AT</nome_normativa><tipo>scheda di catalogo</tipo><ver_numero>3.01</ver_numero><data_crea>12042021</data_crea><ente_schedatore>UNIMORE</ente_schedatore><concessione></concessione><spedizione></spedizione><note></note><numero_schede>00000001</numero_schede></csm_info><schede><scheda><CD><TSK>AT</TSK><LIR>P</LIR><NCT><NCTR>08</NCTR><NCTN>00590430</NCTN></NCT><ESC>UNIMORE</ESC><ECP>S06</ECP></CD><OG><OGT><OGTD>singolo reperto antropologico</OGTD><OGTT>preparato anatomico (cranio)</OGTT><OGTM>morfologia/ struttura alterata post mortem per intervento antropico</OGTM></OGT><OGC><OGCT>collezione anatomica</OGCT></OGC></OG><LC><PVC><PVCS>ITALIA</PVCS><PVCR>Emilia-Romagna</PVCR><PVCP>MO</PVCP><PVCC>Modena</PVCC><PVCL>MODENA</PVCL></PVC><LDC><LDCT>museo</LDCT><LDCQ>universitario</LDCQ><LDCN>Musei Anatomici</LDCN><LDCU>via Jacopo Berengario, 14</LDCU><LDCM>raccolta etnografica-antropologica Paolo Gaddi</LDCM><LDCS>codice locale MO-06-01-002, piano 1, sala I, apparato scheletrico, vetrina E, ripiano I</LDCS></LDC></LC><UB><INV><INVA>I.POLOMUS</INVA><INVD>2019</INVD><INVN>1008</INVN></INV><INV><INVA>N. inv. I.MUSEI</INVA><INVD>2011-2014</INVD><INVN>1015</INVN></INV><INV><INVA>Num. inventario Ateneo</INVA><INVD>ante 2011</INVD><INVN>47813</INVN></INV><INV><INVA>Numero inventario musei</INVA><INVD>ante 2011</INVD><INVN>2215</INVN></INV><COL><COLD>raccolta etnografica</COLD><COLC>Paolo Gaddi</COLC></COL></UB><DT><DTZ><DTZG>sec. XIX d.C.</DTZG><DTZS>seconda metà</DTZS></DTZ><DTM>bibliografia</DTM></DT><DA><DES><DESO>Cranio sezionato nei due antimeri destro e sinistro. Il reperto poggia su un piedistallo tondo in legno nero.</DESO></DES><NSC>Il bene fa parte della ottocentesca collezione etnografica di Paolo Gaddi (1806-1871) che inaugurò il museo Etnografico Antropologico nel 1866.</NSC></DA><PR><PRI><PRIP>cranio</PRIP><PRIT>conservativo</PRIT><PRIS>essiccamento</PRIS></PRI></PR><CO><STC><STCC>buono</STCC></STC></CO><TU><CDG><CDGG>proprietà Ente pubblico non territoriale</CDGG></CDG></TU><DO><FTA><FTAX>documentazione allegata</FTAX><FTAP>fotografia digitale (file)</FTAP><FTAN>UMOMA00182</FTAN></FTA><BIB><BIBX>bibliografia specifica</BIBX><BIBA>Marmaldo, Rita Mola, Lucrezia Fratello, Bernardo</BIBA><BIBD>2007</BIBD><BIBH>UMO00001</BIBH></BIB><BIB><BIBX>bibliografia specifica</BIBX><BIBA>Carruccio, Antonio</BIBA><BIBD>1873</BIBD><BIBH>UMO00002</BIBH></BIB><BIB><BIBX>bibliografia specifica</BIBX><BIBA>Puglia, Alessandro</BIBA><BIBD>1871</BIBD><BIBH>UMO00003</BIBH></BIB><BIB><BIBX>bibliografia specifica</BIBX><BIBA>Gaddi, Paolo</BIBA><BIBD>1864</BIBD><BIBH>UMO00004</BIBH></BIB><BIB><BIBX>bibliografia specifica</BIBX><BIBA>Gaddi, Paolo</BIBA><BIBD>1869</BIBD><BIBH>UMO00005</BIBH></BIB><BIB><BIBX>bibliografia specifica</BIBX><BIBA>Gaddi, Paolo</BIBA><BIBD>1854</BIBD><BIBH>UMO00006</BIBH></BIB><BIB><BIBX>bibliografia specifica</BIBX><BIBA>Gaddi, Paolo</BIBA><BIBD>1867</BIBD><BIBH>UMO00007</BIBH></BIB><BIB><BIBX>bibliografia specifica</BIBX><BIBA>Gaddi, Paolo</BIBA><BIBD>1866</BIBD><BIBH>UMO00008</BIBH></BIB><BIB><BIBX>bibliografia specifica</BIBX><BIBA>Gaddi, Paolo</BIBA><BIBD>1862</BIBD><BIBH>UMO00009</BIBH></BIB><BIB><BIBX>bibliografia specifica</BIBX><BIBA>Morselli, Enrico</BIBA><BIBD>1873</BIBD><BIBH>UMO00010</BIBH></BIB><BIB><BIBX>bibliografia specifica</BIBX><BIBA>Corradini, E.</BIBA><BIBD>2015</BIBD><BIBH>UMO00015</BIBH></BIB><BIB><BIBX>bibliografia specifica</BIBX><BIBA>Corradini E.</BIBA><BIBD>2011</BIBD><BIBH>UMO00011</BIBH></BIB><BIB><BIBX>bibliografia specifica</BIBX><BIBA>Gaddi, P.</BIBA><BIBD>1870</BIBD><BIBH>UMO00170</BIBH></BIB><BIB><BIBX>bibliografia specifica</BIBX><BIBA>Fratelo, B/ Maramaldo, R</BIBA><BIBD>2005</BIBD><BIBH>UMO00171</BIBH></BIB></DO><AD><ADS><ADSP>1</ADSP><ADSM>scheda contenente dati liberamente accessibili</ADSM></ADS></AD><CM><CMP><CMPD>2020</CMPD><CMPN>Ebner, Viviana</CMPN><CMPN>Costi, Lorenzo</CMPN><CMPN>De Blasio, Fernanda</CMPN></CMP><RSR>Corradini, Elena</RSR><FUR>Corradini, Elena</FUR></CM><AN><OSS>Nel catalogo del Museo Anatomico di Silvana Palazzini del 1977 il cranio aveva il numero 66 della sala I, bacheca E. I riferimenti ai numeri dei diversi inventari riportati sono stati indicati nel modo seguente:  1)  “I.POLOMUS” si riferisce alla revisione inventariale effettuata nel 2019 dopo l’istituzione del Polo Museale di Ateneo con Regolamento in vigore dal 23 giugno 2017 2) Il “N. inv. I.MUSEI 2011-2014” fa riferimento alla revisione inventariale effettuata dall’Ufficio patrimonio di Ateneo dal 2011 al 2014 http://www.def-patrimonio.unimore.it/site/home/beni-storico-museali.html; 3) Il  “Num. inventario Ateneo ante 2011” fa riferimento al numero riportato sull’ inventario di Ateneo precedente quello della revisione inventariale  effettuata dall’Ufficio patrimonio di Ateneo” dal 2011 al 2014 http://www.def-patrimonio.unimore.it/site/home/beni-storico-museali.html;  4) Il riferimento “Numero inventario musei ante 2011” è stato ricavato dalle schede realizzate per la revisione effettuata dall’Ufficio patrimonio di Ateneo dal 2011 al 2014 http://www.def-patrimonio.unimore.it/site/home/beni-storico-museali.html alla voce “N.Catalogo Museo 1977/ex N.inv.”; 5) Il riferimento al catalogo Palazzini è stato ricavato dal catalogo pubblicato nel 1977.</OSS></AN></scheda></schede></csm_root>