<?xml version="1.0" encoding="UTF-8" standalone="yes"?><csm_immftan><csm_def><relazione><prog>1</prog><file>USIMBH00532.JPG</file><identificativo_allegato><campo><nome>FTAN</nome><valore>USIMBH00532</valore></campo><campo><nome>FTAP</nome><valore>fotografia digitale (file)</valore></campo></identificativo_allegato><identificativo_bene><nctr>09</nctr><nctn>00860193</nctn></identificativo_bene></relazione><relazione><prog>2</prog><file>USIMBH00533.JPG</file><identificativo_allegato><campo><nome>FTAN</nome><valore>USIMBH00533</valore></campo><campo><nome>FTAP</nome><valore>fotografia digitale (file)</valore></campo></identificativo_allegato><identificativo_bene><nctr>09</nctr><nctn>00860193</nctn></identificativo_bene></relazione><relazione><prog>3</prog><file>USIMBH00534.JPG</file><identificativo_allegato><campo><nome>FTAN</nome><valore>USIMBH00534</valore></campo><campo><nome>FTAP</nome><valore>fotografia digitale (file)</valore></campo></identificativo_allegato><identificativo_bene><nctr>09</nctr><nctn>00860193</nctn></identificativo_bene></relazione></csm_def></csm_immftan>