<?xml version="1.0" encoding="UTF-8"?><csm_root><csm_info><nome_normativa>BNB</nome_normativa><tipo>scheda di catalogo</tipo><ver_numero>3.01</ver_numero><data_crea>12042021</data_crea><ente_schedatore>UNISI</ente_schedatore><concessione></concessione><spedizione></spedizione><note></note><numero_schede>00000001</numero_schede></csm_info><schede><scheda><CD><TSK>BNB</TSK><LIR>I</LIR><NCT><NCTR>09</NCTR><NCTN>00860193</NCTN></NCT><ESC>UNISI</ESC><ECP>S61</ECP></CD><OG><OGT><OGTD>campione</OGTD><OGTE>Herbarium Universitatis Senensis</OGTE><OGTR>erbario generale</OGTR><OGTC>Collezione xiloteca</OGTC><OGTZ>collezione fanerogamica</OGTZ><OGTS>Il campione è un sedimento fossile, organico e combustibile, sistemato su un supporto ligneo sul quale si trova un numero d'ordine e il cartellino. Il campione fa parte di una collezione nata grazie al lavoro del  Prof. B. Longo e del Prof. A. Preda, direttori dell'Orto Botanico di Siena rispettivamente dal 1906-1915 e dal 1915-1921. Nella collezione vennero radunati i campioni raccolti dal Prof. A. Tassi e altri reperti legnosi provenienti dall'Orto, molti dei quali recuperati nel 1915 dalle piante strocatesi durante una nevicata. La collezione è stata incrementata fino alla fine degli anni '50 per merito del Prof. A. Nannizzi, direttore dell'Orto dal 1934 al 1950.</OGTS></OGT></OG><SB><SBE><SBET>LIGNITE/ [M]INIERA DI MURLO/ (Siena)</SBET></SBE></SB><LR><LRV><LRVT>località di raccolta - dati aggiornati</LRVT><LRVK>Europa</LRVK><LRVS>Italia</LRVS><LRVR>Toscana</LRVR><LRVP>SI</LRVP><LRVC>Murlo</LRVC></LRV><LRI><LRIE>Miniere di Murlo</LRIE></LRI><LRD><LRDA>Attilio Tassi, Biagio Longo, Agilulfo Preda</LRDA><LRDB>1864</LRDB><LRDC>post</LRDC><LRDD>1950</LRDD><LRDE>ante</LRDE></LRD></LR><LC><PVC><PVCS>ITALIA</PVCS><PVCR>Toscana</PVCR><PVCP>SI</PVCP><PVCC>Siena</PVCC></PVC><LDC><LDCT>ex monastero</LDCT><LDCQ>camaldolese</LDCQ><LDCN>Accademia dei Fisiocritici Onlus</LDCN><LDCU>Piazzetta Silvio Gigli, 2</LDCU><LDCM>Museo di Storia Naturale - sezione Botanica</LDCM></LDC></LC><LA><TCL>luogo di provenienza</TCL><PRV><PRVK>Europa</PRVK><PRVS>ITALIA</PRVS><PRVR>Toscana</PRVR><PRVP>SI</PRVP><PRVC>Siena</PRVC></PRV><PRC><PRCT>istituto</PRCT><PRCQ>universitario</PRCQ><PRCD>Dipartimento di Scienze della Vita</PRCD><PRCU>Via Pier Andrea Mattioli, 4</PRCU><PRCM>Museo Botanico</PRCM><PRCS>piano 1S, corridoio erbario</PRCS></PRC><PRD><PRDI>1864/ post</PRDI><PRDU>2006</PRDU></PRD></LA><MT><MIS><MISU>cm</MISU><MISA>8.5</MISA><MISL>7</MISL><MISS>3</MISS></MIS></MT><CO><STC><STCT>secco</STCT><STCD>2014</STCD><STCC>buono</STCC></STC></CO><TU><CDG><CDGG>proprietà Ente pubblico non territoriale</CDGG><CDGS>Università di Siena 1240</CDGS><CDGI>Via Banchi di Sotto n. 55, 53100 Siena</CDGI></CDG></TU><DO><FTA><FTAX>documentazione allegata</FTAX><FTAP>fotografia digitale (file)</FTAP><FTAA>Vellini, Silvia</FTAA><FTAD>2014/12/00</FTAD><FTAN>USIMBH00532</FTAN></FTA><FTA><FTAX>documentazione allegata</FTAX><FTAP>fotografia digitale (file)</FTAP><FTAA>Vellini, Silvia</FTAA><FTAD>2014/12/00</FTAD><FTAN>USIMBH00533</FTAN><FTAT>particolare</FTAT></FTA><FTA><FTAX>documentazione allegata</FTAX><FTAP>fotografia digitale (file)</FTAP><FTAA>Vellini, Silvia</FTAA><FTAD>2014/12/00</FTAD><FTAN>USIMBH00534</FTAN><FTAT>dorso</FTAT></FTA></DO><AD><ADS><ADSP>1</ADSP><ADSM>scheda contenente dati liberamente accessibili</ADSM></ADS></AD><CM><CMP><CMPD>2015</CMPD><CMPN>Vellini, Silvia</CMPN></CMP><RSR>Bonini, Ilaria</RSR><RSR>Terenna, Gigliola</RSR><FUR>Vannozzi, Francesca</FUR><RVM><RVMD>2015</RVMD><RVMN>Vellini, Silvia</RVMN><RVME>UNISI</RVME></RVM></CM></scheda></schede></csm_root>