<?xml version="1.0" encoding="UTF-8"?><csm_root><csm_info><nome_normativa>AT</nome_normativa><tipo>scheda di catalogo</tipo><ver_numero>3.01</ver_numero><data_crea>12042021</data_crea><ente_schedatore>UNIMORE</ente_schedatore><concessione></concessione><spedizione></spedizione><note></note><numero_schede>00000001</numero_schede></csm_info><schede><scheda><CD><TSK>AT</TSK><LIR>P</LIR><NCT><NCTR>08</NCTR><NCTN>00590601</NCTN></NCT><ESC>UNIMORE</ESC><ECP>S06</ECP></CD><OG><OGT><OGTD>singolo reperto antropologico</OGTD><OGTT>preparato anatomico (feto)</OGTT><OGTM>morfologia/ struttura alterata post mortem per intervento antropico</OGTM><OGTP>fissato in formalina</OGTP></OGT><OGC><OGCT>collezione anatomica</OGCT></OGC></OG><LC><PVC><PVCS>ITALIA</PVCS><PVCR>Emilia-Romagna</PVCR><PVCP>MO</PVCP><PVCC>Modena</PVCC></PVC><LDC><LDCT>museo</LDCT><LDCQ>universitario</LDCQ><LDCN>Musei Anatomici</LDCN><LDCU>Via Berengario, 14</LDCU><LDCM>Musei Anatomici</LDCM><LDCS>codice locale MO-06-01-002, primo piano, Sala IV Embriologia e Neurologia Vetrina B ripiano 3</LDCS></LDC></LC><UB><INV><INVA>I.POLOMUS</INVA><INVD>2019</INVD><INVN>1870</INVN></INV><INV><INVA>N. inv. I.MUSEI</INVA><INVD>2011-2014</INVD><INVN>1898</INVN></INV><INV><INVA>Num. inventario Ateneo</INVA><INVD>ante 2011</INVD><INVN>49257</INVN></INV></UB><DT><DTZ><DTZG>sec. XIX d.C.</DTZG></DTZ><DTM>documentazione</DTM></DT><DA><DES><DESO>Feto con placenta in formalina in vaso di vetro cilindrico</DESO></DES></DA><PR><PRI><PRIP>feto</PRIP><PRIT>conservativo</PRIT><PRIS>immersione in formalina</PRIS></PRI><PRI><PRIP>feto</PRIP><PRIT>distruttivo</PRIT><PRIS>immersione in formalina</PRIS></PRI><PRP>immersione in formalina</PRP></PR><CO><STC><STCC>mediocre</STCC></STC></CO><TU><CDG><CDGG>proprietà Ente pubblico non territoriale</CDGG></CDG></TU><DO><FTA><FTAX>documentazione allegata</FTAX><FTAP>fotografia digitale (file)</FTAP><FTAN>UMOMA00842</FTAN></FTA><BIB><BIBX>bibliografia di corredo</BIBX><BIBA>Corradini, E.</BIBA><BIBD>2015</BIBD><BIBH>UMO00015</BIBH></BIB><BIB><BIBX>bibliografia di corredo</BIBX><BIBA>Corradini E.</BIBA><BIBD>2011</BIBD><BIBH>UMO00011</BIBH></BIB><BIB><BIBX>bibliografia di corredo</BIBX><BIBA>Marmaldo, Rita Mola, Lucrezia Fratello, Bernardo</BIBA><BIBD>2007</BIBD><BIBH>UMO00001</BIBH></BIB><BIB><BIBX>bibliografia di corredo</BIBX><BIBA>Fratelo, B/ Maramaldo, R</BIBA><BIBD>2005</BIBD><BIBH>UMO00171</BIBH></BIB></DO><AD><ADS><ADSP>1</ADSP><ADSM>scheda contenente dati liberamente accessibili</ADSM></ADS></AD><CM><CMP><CMPD>2020</CMPD><CMPN>Ebner, Viviana</CMPN><CMPN>De Blasio, Fernanda</CMPN></CMP><RSR>Corradini, Elena</RSR><FUR>Corradini, Elena</FUR></CM><AN><OSS>Nel catalogo del Museo Anatomico di Silvana Palazzini del 1977 il bene aveva il numero 47(c) della sala I, bacheca I. In questo catalogo con il numero 47 erano catalogati 14 vasi con feti a vario sviluppo. I riferimenti ai numeri dei diversi inventari riportati sono stati indicati nel modo seguente:  1)  “I.POLOMUS” si riferisce alla revisione inventariale effettuata nel 2019 dopo l’istituzione del Polo Museale di Ateneo con Regolamento in vigore dal 23 giugno 2017; 2) Il “N. inv. I.MUSEI 2011-2014” fa riferimento alla revisione inventariale effettuata dall’Ufficio patrimonio di Ateneo dal 2011 al 2014 http://www.def-patrimonio.unimore.it/site/home/beni-storico-museali.html; 3) Il  “Num. inventario Ateneo ante 2011” fa riferimento al numero riportato sull’ inventario di Ateneo precedente quello della revisione inventariale effettuata dall’Ufficio patrimonio di Ateneo dal 2011 al 2014 http://www.def-patrimonio.unimore.it/site/home/beni-storico-museali.html; 4) Il riferimento al catalogo Palazzini è stato ricavato dal catalogo pubblicato nel 1977.</OSS></AN></scheda></schede></csm_root>