<?xml version="1.0" encoding="UTF-8" standalone="yes"?><csm_immftan><csm_def><relazione><prog>1</prog><file>USIMBH00627.JPG</file><identificativo_allegato><campo><nome>FTAN</nome><valore>USIMBH00627</valore></campo><campo><nome>FTAP</nome><valore>fotografia digitale (file)</valore></campo></identificativo_allegato><identificativo_bene><nctr>09</nctr><nctn>00860240</nctn></identificativo_bene></relazione><relazione><prog>2</prog><file>USIMBH00628.JPG</file><identificativo_allegato><campo><nome>FTAN</nome><valore>USIMBH00628</valore></campo><campo><nome>FTAP</nome><valore>fotografia digitale (file)</valore></campo></identificativo_allegato><identificativo_bene><nctr>09</nctr><nctn>00860240</nctn></identificativo_bene></relazione></csm_def></csm_immftan>