<?xml version="1.0" encoding="UTF-8"?><csm_root><csm_info><nome_normativa>BNB</nome_normativa><tipo>scheda di catalogo</tipo><ver_numero>3.01</ver_numero><data_crea>12042021</data_crea><ente_schedatore>UNISI</ente_schedatore><concessione></concessione><spedizione></spedizione><note></note><numero_schede>00000001</numero_schede></csm_info><schede><scheda><CD><TSK>BNB</TSK><LIR>I</LIR><NCT><NCTR>09</NCTR><NCTN>00860240</NCTN></NCT><ESC>UNISI</ESC><ECP>S61</ECP></CD><OG><OGT><OGTD>campione</OGTD><OGTE>Herbarium Universitatis Senensis</OGTE><OGTR>erbario generale</OGTR><OGTC>Collezione spermoteca</OGTC><OGTZ>collezione fanerogamica</OGTZ><OGTK>essiccato</OGTK><OGTS>Il campione consiste in un numero variabile di cariossidi all'interno di pannocchie. Le pannocchie sono conservate in un contenitore di vetro, sigillato con della paraffina, sul quale sono attaccati due cartellini: uno più antico che riporta il nome della specie e l'altro più recente con il numero del genere e la famiglia. Il campione fa parte di una collezione nata grazie al lavoro del Prof. A. Tassi nel 1860 e riorganizzata dal Prof. B. Longo e dal Prof. A. Preda, direttori dell'Orto Botanico di Siena rispettivamente dal 1906-1915 e dal 1915-1921.</OGTS></OGT></OG><SB><SBS><SBSF>Graminaceae</SBSF><SBSN>8243</SBSN><SBSC>Durand Th. 1888, Index Generum Phanerogamorum-Bruxellis</SBSC></SBS><NBN><NBNA>Lamarckia aurea Moench</NBNA></NBN><DBV><DBVA>Attilio Tassi, Biagio Longo, Agilulfo Preda</DBVA><DBVB>1860</DBVB><DBVC>post</DBVC><DBVD>1921</DBVD><DBVE>ante</DBVE></DBV><SBE><SBET>Lamarckia/ aurea/ Moench.</SBET><SBEL>latina</SBEL><SBEC>latini</SBEC></SBE><SBE><SBET>8243/ Gramin.</SBET></SBE></SB><RB><RBR><RBRT>variazione nomenclaturale</RBRT><RBRN>Poaceae: Lamarckia aurea (L.) Moench</RBRN><RBRB>The Plant List (2013). Version 1.1. Published on the Internet; http://www.theplantlist.org/ (accessed 1st January).</RBRB></RBR><RBD><RBDF>2013</RBDF></RBD></RB><LC><PVC><PVCS>ITALIA</PVCS><PVCR>Toscana</PVCR><PVCP>SI</PVCP><PVCC>Siena</PVCC></PVC><LDC><LDCT>ex monastero</LDCT><LDCQ>camaldolese</LDCQ><LDCN>Accademia dei Fisiocritici Onlus</LDCN><LDCU>Piazzetta Silvio Gigli, 2</LDCU><LDCM>Museo di Storia Naturale - sezione Botanica</LDCM></LDC></LC><LA><TCL>luogo di provenienza</TCL><PRV><PRVK>Europa</PRVK><PRVS>ITALIA</PRVS><PRVR>Toscana</PRVR><PRVP>SI</PRVP><PRVC>Siena</PRVC></PRV><PRC><PRCT>istituto</PRCT><PRCQ>universitario</PRCQ><PRCD>Dipartimento di Scienze della Vita</PRCD><PRCU>Via Pier Andrea Mattioli, 4</PRCU><PRCM>Museo Botanico</PRCM><PRCS>piano 1S, corridoio erbario</PRCS></PRC><PRD><PRDI>1864/ post</PRDI><PRDU>2006</PRDU></PRD></LA><MT><MIS><MISU>cm</MISU><MISR>MNR</MISR></MIS></MT><CO><STC><STCT>secco</STCT><STCD>2014</STCD><STCC>buono</STCC></STC></CO><TU><CDG><CDGG>proprietà Ente pubblico non territoriale</CDGG><CDGS>Università di Siena 1240</CDGS><CDGI>Via Banchi di Sotto n. 55, 53100 Siena</CDGI></CDG></TU><DO><FTA><FTAX>documentazione allegata</FTAX><FTAP>fotografia digitale (file)</FTAP><FTAA>Vellini, Silvia</FTAA><FTAD>2014/12/00</FTAD><FTAN>USIMBH00627</FTAN></FTA><FTA><FTAX>documentazione allegata</FTAX><FTAP>fotografia digitale (file)</FTAP><FTAA>Vellini, Silvia</FTAA><FTAD>2014/12/00</FTAD><FTAN>USIMBH00628</FTAN><FTAT>particolare</FTAT></FTA><BIB><BIBX>bibliografia di corredo</BIBX><BIBA>Durand, Th</BIBA><BIBD>1888</BIBD><BIBH>USI00056</BIBH></BIB><BIB><BIBX>bibliografia di corredo</BIBX><BIBA>Bonini I.</BIBA><BIBD>2006</BIBD><BIBH>USI00064</BIBH></BIB><BIB><BIBX>bibliografia di corredo</BIBX><BIBA>Giardini dei Semplici</BIBA><BIBD>1993</BIBD><BIBH>USI00065</BIBH></BIB><BIB><BIBX>bibliografia di corredo</BIBX><BIBA>Longo B.</BIBA><BIBD>1915</BIBD><BIBH>USI00066</BIBH></BIB><BIB><BIBX>bibliografia di corredo</BIBX><BIBA>Preda A.</BIBA><BIBD>1917</BIBD><BIBH>USI00067</BIBH></BIB><BIB><BIBX>bibliografia di corredo</BIBX><BIBA>Tassi F.</BIBA><BIBD>1905</BIBD><BIBH>USI00068</BIBH></BIB><BSE><BSEX>bibliografia di confronto</BSEX><BSES>risorsa elettronica con accesso remoto</BSES><BSET>The Plant List. A working list of all plant species</BSET><BSED>2013</BSED><BSEN>versione 1.1</BSEN><BSEI>http://www.theplantlist.org/</BSEI></BSE></DO><AD><ADS><ADSP>1</ADSP><ADSM>scheda contenente dati liberamente accessibili</ADSM></ADS></AD><CM><CMP><CMPD>2015</CMPD><CMPN>Vellini, Silvia</CMPN></CMP><RSR>Bonini, Ilaria</RSR><RSR>Terenna, Gigliola</RSR><FUR>Vannozzi, Francesca</FUR><RVM><RVMD>2015</RVMD><RVMN>Vellini, Silvia</RVMN><RVME>UNISI</RVME></RVM></CM></scheda></schede></csm_root>