<?xml version="1.0" encoding="UTF-8" standalone="yes"?><csm_immftan><csm_def><relazione><prog>1</prog><file>CRANI1037A.jpg</file><identificativo_allegato><campo><nome>FTAN</nome><valore>UMOMA00015</valore></campo><campo><nome>FTAP</nome><valore>fotografia digitale (file)</valore></campo></identificativo_allegato><identificativo_bene><nctr>08</nctr><nctn>00590452</nctn></identificativo_bene></relazione><relazione><prog>2</prog><file>CRANI1037B.jpg</file><identificativo_allegato><campo><nome>FTAN</nome><valore>UMOMA00016</valore></campo><campo><nome>FTAP</nome><valore>fotografia digitale (file)</valore></campo></identificativo_allegato><identificativo_bene><nctr>08</nctr><nctn>00590452</nctn></identificativo_bene></relazione></csm_def></csm_immftan>