<?xml version="1.0" encoding="UTF-8"?><csm_root><csm_info><nome_normativa>BNZ</nome_normativa><tipo>scheda di catalogo</tipo><ver_numero>3.01</ver_numero><data_crea>12042021</data_crea><ente_schedatore>UNIMORE</ente_schedatore><concessione></concessione><spedizione></spedizione><note></note><numero_schede>00000001</numero_schede></csm_info><schede><scheda><CD><TSK>BNZ</TSK><LIR>I</LIR><NCT><NCTR>08</NCTR><NCTN>00591399</NCTN></NCT><ESC>UNIMORE</ESC><ECP>S28</ECP></CD><OG><OGT><OGTD>squalo bianco</OGTD><OGTV>esemplare</OGTV></OGT></OG><SZ><SZS><SZSP>Chordata</SZSP><SZSB>Chondrichthyes</SZSB><SZSO>Lamniformes</SZSO><SZSF>Lamnidae</SZSF><SZSR>Carcharodon</SZSR><SZSS>Carcharodon carcharias</SZSS><SZSN>Squalus carcharias</SZSN></SZS></SZ><LR><LRV><LRVT>località di raccolta - dati aggiornati</LRVT><LRVZ>paleartica</LRVZ><LRVK>Europa</LRVK><LRVS>Italia</LRVS><LRVR>Liguria</LRVR><LRVP>GE</LRVP><LRVC>Portofino</LRVC></LRV><LRI><LRIK>1883</LRIK></LRI></LR><LC><PVC><PVCS>ITALIA</PVCS><PVCR>Emilia-Romagna</PVCR><PVCP>MO</PVCP><PVCC>Modena</PVCC></PVC><LDC><LDCT>palazzo</LDCT><LDCQ>statale</LDCQ><LDCN>Palazzo del Rettorato</LDCN><LDCU>Via Università, 4</LDCU><LDCM>Museo di Zoologia e Anatomia Comparata</LDCM><LDCS>piano terzo, Sala Spallanzani, a lato delle vetrine centrali</LDCS></LDC></LC><UB><COL><COLD>Consorzio universitario</COLD><COLA>1883</COLA><COLI>50</COLI></COL></UB><MT><MTC>NR (recupero pregresso)</MTC><MIS><MISU>cm</MISU><MISN>440</MISN></MIS><MIS><MISU>kg</MISU><MISG>12000</MISG></MIS></MT><DA><DES><DESO>Un esemplare femmina di squalo bianco o pesce cane su un piedistallo in legno</DESO></DES></DA><CO><STC><STCP>esemplare intero</STCP><STCT>secco</STCT><STCC>mediocre</STCC><STCS>Tassidermia</STCS></STC></CO><TU><CDG><CDGG>proprietà Ente pubblico non territoriale</CDGG></CDG></TU><DO><FTA><FTAX>documentazione allegata</FTAX><FTAP>fotografia digitale (file)</FTAP><FTAN>UMOMZ00023</FTAN></FTA><BSE><BSEX>bibliografia di confronto</BSEX><BSES>risorsa elettronica con accesso remoto</BSES><BSEI>http://www.iucnredlist.org/details/3855/0</BSEI></BSE></DO><AD><ADS><ADSP>1</ADSP><ADSM>scheda contenente dati liberamente accessibili</ADSM></ADS></AD><CM><CMP><CMPD>2014</CMPD><CMPN>Costi, Lorenzo</CMPN><CMPN>Mantovani, Alessandra</CMPN></CMP><FUR>Corradini, Elena</FUR></CM><AN><OSS>L'esemplare ha il n. inv. 5066 N.Scheda provv.Museo PC-45/91</OSS></AN></scheda></schede></csm_root>