<?xml version="1.0" encoding="UTF-8"?><csm_root><csm_info><nome_normativa>BNZ</nome_normativa><tipo>scheda di catalogo</tipo><ver_numero>3.01</ver_numero><data_crea>12042021</data_crea><ente_schedatore>UNIMORE</ente_schedatore><concessione></concessione><spedizione></spedizione><note></note><numero_schede>00000001</numero_schede></csm_info><schede><scheda><CD><TSK>BNZ</TSK><LIR>I</LIR><NCT><NCTR>08</NCTR><NCTN>00591416</NCTN></NCT><ESC>UNIMORE</ESC><ECP>S28</ECP></CD><OG><OGT><OGTD>pesce San Pietro</OGTD><OGTV>esemplare</OGTV><OGTO>vetrina</OGTO></OGT></OG><SZ><SZS><SZSP>Chordata</SZSP><SZSB>Actinopterygii</SZSB><SZSO>Zeiformes</SZSO><SZSF>Zeidae</SZSF><SZSR>Zeus</SZSR><SZSS>Zeus faber</SZSS><SZSD>Linnaeus, 1758</SZSD></SZS><SZE><SZET>"Zeus Faber...Venezia"...</SZET><SZES>cartellino sul supporto in legno bianco</SZES></SZE></SZ><LR><LRV><LRVT>località di raccolta - dati aggiornati</LRVT><LRVZ>paleartica</LRVZ><LRVK>Europa</LRVK><LRVS>Italia</LRVS><LRVR>Veneto</LRVR><LRVP>VE</LRVP><LRVC>Venezia</LRVC></LRV></LR><LC><PVC><PVCS>ITALIA</PVCS><PVCR>Emilia-Romagna</PVCR><PVCP>MO</PVCP><PVCC>Modena</PVCC></PVC><LDC><LDCT>palazzo</LDCT><LDCQ>statale</LDCQ><LDCN>Palazzo del Rettorato</LDCN><LDCU>Via Università, 4</LDCU><LDCM>Museo di Zoologia e Anatomia Comparata</LDCM><LDCS>terzo piano,Sala Cavolini, Vetrina 64B, ripiano 3</LDCS></LDC></LC><MT><MTC>NR (recupero pregresso)</MTC><MIS><MISU>cm</MISU><MISN>37</MISN></MIS></MT><DA><DES><DESO>Un esemplare interno di pesce San Pietro su un piedistallo in legno bianco</DESO></DES></DA><CO><STC><STCP>esemplare intero</STCP><STCT>secco</STCT><STCC>mediocre</STCC><STCS>Tassidermia</STCS></STC></CO><TU><CDG><CDGG>proprietà Ente pubblico non territoriale</CDGG></CDG></TU><DO><FTA><FTAX>documentazione allegata</FTAX><FTAP>fotografia digitale (file)</FTAP><FTAN>UMOMZ00040</FTAN></FTA><BSE><BSEX>bibliografia di confronto</BSEX><BSES>risorsa elettronica con accesso remoto</BSES><BSEI>http://www.fishbase.org/summary/1370</BSEI></BSE></DO><AD><ADS><ADSP>1</ADSP><ADSM>scheda contenente dati liberamente accessibili</ADSM></ADS></AD><CM><CMP><CMPD>2014</CMPD><CMPN>Costi, Lorenzo</CMPN><CMPN>Mantovani, Alessandra</CMPN></CMP><FUR>Corradini, Elena</FUR></CM><AN><OSS>Il numero d'inventario è 5314. Il N.Scheda provv.Museo è PO-147/92</OSS></AN></scheda></schede></csm_root>